Course,Name
AAA201,N/A
AAA203,N/A
AAA207,N/A
AAA210,N/A
ACC221,N/A
ACC222,N/A
ACC222C,N/A
ACC256,N/A
ACC321,N/A
ACC330,N/A
ACC330W,N/A
ACC333,N/A
ACC343,N/A
ACC351,N/A
ACC361,N/A
ACC422,N/A
ACC425,N/A
ACC433,N/A
ACC445,N/A
ACC452,N/A
ACC453,N/A
ACC454,N/A
ACC456,N/A
ACC458,N/A
ACC461,N/A
ACC463,N/A
ACC468,N/A
ACC469,N/A
ACC477,N/A
ACC601,N/A
ACC622,N/A
ACC646,N/A
ACC650,N/A
ACC653,N/A
ACC655,N/A
ACC661,N/A
ACC695,N/A
ACE112,N/A
ACE113,N/A
ACE199A,N/A
ACE199B,N/A
ACE310C,N/A
AER101,N/A
AER118,N/A
AER121,N/A
AER253,N/A
AES110,N/A
AES111,N/A
AES121,N/A
AES122,N/A
AES210,N/A
AES211,N/A
AES221,N/A
AES222,N/A
AES310,N/A
AES311,N/A
AES331,N/A
AES332,N/A
AES410,N/A
AES411,N/A
AES431,N/A
AES432,N/A
AMS105,N/A
AMS111,N/A
AMS180A,N/A
AMS205,N/A
AMS205H,N/A
AMS206,N/A
AMS207,N/A
AMS214,N/A
AMS216,N/A
AMS222,N/A
AMS280A,N/A
AMS301,N/A
AMS302,N/A
AMS303,N/A
AMS305,N/A
AMS310A,N/A
AMS310E,N/A
AMS310G,N/A
AMS310I,N/A
AMS310K,N/A
AMS310V,N/A
AMS310X,N/A
AMS386,N/A
AMS392,N/A
AMS399A,N/A
AMS401,N/A
ARB101,N/A
ARB102,N/A
ARB201,N/A
ARB202,N/A
ARB230,N/A
ARB301,N/A
ARB302,N/A
ARB311,N/A
ARB477,N/A
ARC101,N/A
ARC102,N/A
ARC107,N/A
ARC113,N/A
ARC114,N/A
ARC180A,N/A
ARC188,N/A
ARC201,N/A
ARC202,N/A
ARC203,N/A
ARC204,N/A
ARC211,N/A
ARC212,N/A
ARC213,N/A
ARC214,N/A
ARC221,N/A
ARC222,N/A
ARC225,N/A
ARC301,N/A
ARC302,N/A
ARC303,N/A
ARC309,N/A
ARC321,N/A
ARC399N,N/A
ARC401,N/A
ARC402C,N/A
ARC403,N/A
ARC404C,N/A
ARC404F,N/A
ARC404H,N/A
ARC404I,N/A
ARC404K,N/A
ARC404Y,N/A
ARC404Z,N/A
ARC4056,N/A
ARC405C,N/A
ARC405J,N/A
ARC405K,N/A
ARC405Q,N/A
ARC405V,N/A
ARC405Y,N/A
ARC405Z,N/A
ARC406A,N/A
ARC406B,N/A
ARC406C,N/A
ARC406D,N/A
ARC406G,N/A
ARC406J,N/A
ARC406K,N/A
ARC408,N/A
ARC410,N/A
ARC411,N/A
ARC412,N/A
ARC413,N/A
ARC414,N/A
ARC417,N/A
ARC418,N/A
ARC419,N/A
ARC422,N/A
ARC424,N/A
ARC426,N/A
ARC427,N/A
ARC435,N/A
ARC441,N/A
ARC444,N/A
ARC451,N/A
ARC452,N/A
ARC477,N/A
ARC499N,N/A
ARC499P,N/A
ARC499T,N/A
ARC499Y,N/A
ARC511,N/A
ARC512,N/A
ARC513,N/A
ARC514,N/A
ARC541,N/A
ARC551,N/A
ARC601,N/A
ARC602,N/A
ARC634,N/A
ARC636,N/A
ARC701,N/A
ARC702,N/A
ART111,N/A
ART121,N/A
ART122,N/A
ART140,N/A
ART149,N/A
ART151,N/A
ART155,N/A
ART160,N/A
ART165,N/A
ART170,N/A
ART171,N/A
ART185,N/A
ART185H,N/A
ART187,N/A
ART188,N/A
ART188H,N/A
ART189,N/A
ART195,N/A
ART201,N/A
ART221,N/A
ART222,N/A
ART231,N/A
ART233,N/A
ART235H,N/A
ART241,N/A
ART251,N/A
ART252,N/A
ART254,N/A
ART255,N/A
ART256,N/A
ART257,N/A
ART259,N/A
ART261,N/A
ART264,N/A
ART271,N/A
ART276,N/A
ART276H,N/A
ART278,N/A
ART279,N/A
ART281,N/A
ART285,N/A
ART286,N/A
ART295,N/A
ART296,N/A
ART308E,N/A
ART309,N/A
ART311,N/A
ART312,N/A
ART314,N/A
ART316,N/A
ART317,N/A
ART321,N/A
ART322,N/A
ART323,N/A
ART331,N/A
ART332,N/A
ART340,N/A
ART350,N/A
ART351,N/A
ART352,N/A
ART353,N/A
ART354,N/A
ART355,N/A
ART357,N/A
ART358,N/A
ART361,N/A
ART373,N/A
ART381,N/A
ART382,N/A
ART383,N/A
ART386,N/A
ART389,N/A
ART395,N/A
ART399I,N/A
ART401,N/A
ART404,N/A
ART419,N/A
ART432,N/A
ART450,N/A
ART451,N/A
ART452,N/A
ART455,N/A
ART480,N/A
ART480B,N/A
ART480C,N/A
ART480D,N/A
ART480I,N/A
ART485,N/A
ART486,N/A
ART487,N/A
ART489,N/A
ART492,N/A
ART495,N/A
ART496,N/A
ART498,N/A
ART599,N/A
ATH135,N/A
ATH145,N/A
ATH155,N/A
ATH175,N/A
ATH175F,N/A
ATH175H,N/A
ATH185,N/A
ATH185H,N/A
ATH212,N/A
ATH231,N/A
ATH255,N/A
ATH265,N/A
ATH301,N/A
ATH304,N/A
ATH305,N/A
ATH306,N/A
ATH307,N/A
ATH308,N/A
ATH312,N/A
ATH313,N/A
ATH325,N/A
ATH345,N/A
ATH348,N/A
ATH355,N/A
ATH358,N/A
ATH364,N/A
ATH368,N/A
ATH378,N/A
ATH384,N/A
ATH388,N/A
ATH390R,N/A
ATH395,N/A
ATH402,N/A
ATH403,N/A
ATH405,N/A
ATH411,N/A
ATH416,N/A
ATH421,N/A
ATH425,N/A
ATH428,N/A
ATH431,N/A
ATH434,N/A
ATH448,N/A
ATH461,N/A
ATH465,N/A
ATH471,N/A
ATH491,N/A
ATH496,N/A
ATH497,N/A
ATH498,N/A
BIO101,N/A
BIO104,N/A
BIO115,N/A
BIO115H,N/A
BIO121,N/A
BIO121H,N/A
BIO131,N/A
BIO155,N/A
BIO161,N/A
BIO161H,N/A
BIO176,N/A
BIO191,N/A
BIO201,N/A
BIO203,N/A
BIO203H,N/A
BIO205,N/A
BIO206,N/A
BIO209,N/A
BIO241,N/A
BIO244,N/A
BIO305,N/A
BIO314,N/A
BIO333,N/A
BIO342,N/A
BIO395,N/A
BIO400,N/A
BIO407,N/A
BIO444,N/A
BIO454,N/A
BIO463,N/A
BIO469,N/A
BIO491,N/A
BIO581,N/A
BIO620,N/A
BIO671,N/A
BIO689,N/A
BIO694,N/A
BIO695,N/A
BIO6987,N/A
BIO698A,N/A
BIO698I,N/A
BIO6992,N/A
BIO699A,N/A
BIO699B,N/A
BIO699O,N/A
BIO699T,N/A
BIO710N,N/A
BLS235,N/A
BLS342,N/A
BLS342C,N/A
BLS437,N/A
BLS442,N/A
BLS443,N/A
BLS462,N/A
BLS464,N/A
BLS465,N/A
BLS465C,N/A
BLS665,N/A
BOT101,N/A
BOT104,N/A
BOT121,N/A
BOT131,N/A
BOT155,N/A
BOT171,N/A
BOT181,N/A
BOT191,N/A
BOT203,N/A
BOT203L,N/A
BOT204,N/A
BOT205,N/A
BOT209,N/A
BOT241,N/A
BOT244,N/A
BOT255,N/A
BOT277,N/A
BOT302,N/A
BOT306,N/A
BOT312,N/A
BOT331,N/A
BOT342,N/A
BOT399S,N/A
BOT431,N/A
BOT581,N/A
BOT600A,N/A
BOT605,N/A
BOT660,N/A
BOT6988,N/A
BOT6989,N/A
BOT698A,N/A
BOT6992,N/A
BOT699T,N/A
BOT699Z,N/A
BOT720C,N/A
BOT720P,N/A
BOT720Q,N/A
BOTF107,N/A
BUS101,N/A
BUS101C,N/A
BUS102,N/A
BUS131,N/A
BUS151,N/A
BUS228,N/A
BUS231,N/A
BUS251,N/A
BUS299E,N/A
BUS301,N/A
BUS302,N/A
BUS303,N/A
BUS330,N/A
BUS333,N/A
BUS371,N/A
BUS373B,N/A
BUS373F,N/A
BUS373K,N/A
BUS373V,N/A
BUS399B,N/A
BUS399C,N/A
BUS399E,N/A
BUS399F,N/A
BUS399R,N/A
BUS399S,N/A
BUS420C,N/A
BUS420F,N/A
BUS420K,N/A
BUS420L,N/A
BUS420S,N/A
BUS420V,N/A
BUS450C,N/A
BUS601,N/A
BUS621,N/A
BUS622,N/A
BUS623,N/A
BUS624,N/A
BUS625,N/A
BUS626,N/A
BUS629,N/A
BUS633,N/A
BUS637,N/A
BUS638,N/A
BWS101,N/A
BWS151,N/A
BWS156,N/A
BWS156H,N/A
BWS221,N/A
BWS224,N/A
BWS225,N/A
BWS250C,N/A
BWS265,N/A
BWS370I,N/A
BWS432,N/A
BWS437,N/A
CAS301,N/A
CFA111,N/A
CFA111H,N/A
CFA182,N/A
CFA201,N/A
CFA340,N/A
CFA410,N/A
CHI101,N/A
CHI102,N/A
CHI105,N/A
CHI141,N/A
CHI201,N/A
CHI201W,N/A
CHI202,N/A
CHI202W,N/A
CHI251,N/A
CHI252,N/A
CHI253,N/A
CHI254,N/A
CHI255,N/A
CHI257,N/A
CHI264,N/A
CHI271,N/A
CHI277W,N/A
CHI301,N/A
CHI301W,N/A
CHI302,N/A
CHI302W,N/A
CHI311,N/A
CHI312,N/A
CHI330,N/A
CHI401,N/A
CHI402,N/A
CHM102,N/A
CHM111,N/A
CHM111L,N/A
CHM141,N/A
CHM141H,N/A
CHM141R,N/A
CHM142,N/A
CHM142H,N/A
CHM142M,N/A
CHM144,N/A
CHM144H,N/A
CHM144M,N/A
CHM145,N/A
CHM145H,N/A
CHM145M,N/A
CHM147,N/A
CHM153,N/A
CHM161,N/A
CHM177,N/A
CHM231,N/A
CHM241,N/A
CHM242,N/A
CHM244,N/A
CHM245,N/A
CHM251,N/A
CHM251H,N/A
CHM252,N/A
CHM254,N/A
CHM255,N/A
CHM277,N/A
CHM332,N/A
CHM351,N/A
CHM363,N/A
CHM364,N/A
CHM377,N/A
CHM417,N/A
CHM419,N/A
CHM426,N/A
CHM432,N/A
CHM433,N/A
CHM434,N/A
CHM438,N/A
CHM451,N/A
CHM452,N/A
CHM454,N/A
CHM455,N/A
CHM471,N/A
CHM472,N/A
CHM477,N/A
CHM491,N/A
CHM492,N/A
CHM4997,N/A
CHM517,N/A
CHM526,N/A
CHM532,N/A
CHM533,N/A
CHM534,N/A
CHM554,N/A
CHM600,N/A
CHM627,N/A
CHM627Y,N/A
CHM650,N/A
CHM655,N/A
CHM700,N/A
CHM710C,N/A
CHM710D,N/A
CHM720,N/A
CHM725,N/A
CHM730,N/A
CHM750,N/A
CHM760Q,N/A
CHM770R,N/A
CHM780,N/A
CLS101,N/A
CLS102,N/A
CLS121,N/A
CLS121F,N/A
CLS121H,N/A
CLS210A,N/A
CLS210L,N/A
CLS210S,N/A
CLS210U,N/A
CLS211,N/A
CLS212,N/A
CLS213,N/A
CLS215,N/A
CLS216,N/A
CLS232,N/A
CLS235,N/A
CLS244,N/A
CLS316,N/A
CLS321,N/A
CLS331,N/A
CLS332,N/A
CLS334,N/A
CLS380A,N/A
CLS402,N/A
CLSF110,N/A
CMS201,N/A
COM134,N/A
COM135,N/A
COM135H,N/A
COM136,N/A
COM143,N/A
COM143H,N/A
COM146,N/A
COM180A,N/A
COM201A,N/A
COM201C,N/A
COM205,N/A
COM206,N/A
COM211,N/A
COM212,N/A
COM213,N/A
COM215,N/A
COM231,N/A
COM239,N/A
COM257,N/A
COM258,N/A
COM259,N/A
COM262,N/A
COM267,N/A
COM281,N/A
COM281H,N/A
COM282,N/A
COM301,N/A
COM311,N/A
COM312,N/A
COM332H,N/A
COM336,N/A
COM339,N/A
COM340,N/A
COM343,N/A
COM353,N/A
COM354,N/A
COM355,N/A
COM359,N/A
COM377,N/A
COM414,N/A
COM421,N/A
COM428,N/A
COM431,N/A
COM434,N/A
COM436,N/A
COM437,N/A
COM439,N/A
COM443,N/A
COM445,N/A
COM446,N/A
COM447,N/A
COM450G,N/A
COM450I,N/A
COM450J,N/A
COM450K,N/A
COM450P,N/A
COM450U,N/A
COM450X,N/A
COM450Y,N/A
COM450Z,N/A
COM459,N/A
COM461,N/A
COM469,N/A
COM499G,N/A
COMF104,N/A
CPE102,N/A
CPE201,N/A
CPE202,N/A
CPE204,N/A
CPE219,N/A
CPE244,N/A
CPE301,N/A
CPE311,N/A
CPE313,N/A
CPE314,N/A
CPE320,N/A
CPE341,N/A
CPE403,N/A
CPE404,N/A
CPE405,N/A
CPE412,N/A
CPE414,N/A
CPE415,N/A
CPE416,N/A
CPE417,N/A
CPE418,N/A
CPE419,N/A
CPE421,N/A
CPE422,N/A
CPE423,N/A
CPE441,N/A
CPE442,N/A
CPE451,N/A
CPE471,N/A
CPE472,N/A
CPE473,N/A
CPE482,N/A
CPE490A,N/A
CPE600,N/A
CPE611,N/A
CSE102,N/A
CSE141,N/A
CSE148,N/A
CSE151,N/A
CSE153,N/A
CSE163,N/A
CSE174,N/A
CSE174H,N/A
CSE201,N/A
CSE211,N/A
CSE212,N/A
CSE241,N/A
CSE243,N/A
CSE251,N/A
CSE252,N/A
CSE262,N/A
CSE271,N/A
CSE273,N/A
CSE274,N/A
CSE278,N/A
CSE283,N/A
CSE310A,N/A
CSE310B,N/A
CSE311,N/A
CSE321,N/A
CSE322,N/A
CSE372,N/A
CSE381,N/A
CSE383,N/A
CSE385,N/A
CSE386,N/A
CSE448,N/A
CSE449,N/A
CSE451,N/A
CSE464,N/A
CSE465,N/A
CSE467,N/A
CSE470A,N/A
CSE470B,N/A
CSE471,N/A
CSE473,N/A
CSE474,N/A
CSE481,N/A
CSE485,N/A
CSE486,N/A
CSE487,N/A
CSE543,N/A
CSE564,N/A
CSE565,N/A
CSE573,N/A
CSE609,N/A
CSE610A,N/A
CSE610J,N/A
CSE615,N/A
CSE617,N/A
CSE620K,N/A
CSE627,N/A
CSE664,N/A
CSE667,N/A
DSC203,N/A
DSC205,N/A
DSC291,N/A
DSC321,N/A
DSC365,N/A
DSC444,N/A
DSC491,N/A
DSC602,N/A
DST169,N/A
DST265,N/A
DST272,N/A
DST370I,N/A
EAS101,N/A
EAS101H,N/A
EAS102,N/A
EAS102H,N/A
EAS130A,N/A
EAS144,N/A
EAS230A,N/A
EAS241,N/A
EAS241H,N/A
EAS266,N/A
EAS291,N/A
EAS292,N/A
EAS330A,N/A
EAS391,N/A
EAS392,N/A
EAS491,N/A
EASF116,N/A
ECE102,N/A
ECE205,N/A
ECE278,N/A
ECE287,N/A
ECE289,N/A
ECE291,N/A
ECE303,N/A
ECE304,N/A
ECE305,N/A
ECE306,N/A
ECE325,N/A
ECE345,N/A
ECE387,N/A
ECE425,N/A
ECE426,N/A
ECE448,N/A
ECE449,N/A
ECE453,N/A
ECE461,N/A
ECE465,N/A
ECE470S,N/A
ECE475,N/A
ECE491,N/A
ECE493,N/A
ECE495,N/A
ECE528,N/A
ECE565,N/A
ECE610,N/A
ECO201,N/A
ECO201H,N/A
ECO202,N/A
ECO202H,N/A
ECO301,N/A
ECO311,N/A
ECO315,N/A
ECO317,N/A
ECO320B,N/A
ECO320C,N/A
ECO320D,N/A
ECO320V,N/A
ECO321,N/A
ECO332,N/A
ECO341,N/A
ECO342,N/A
ECO344,N/A
ECO356,N/A
ECO361,N/A
ECO373,N/A
ECO385,N/A
ECO405,N/A
ECO406,N/A
ECO414,N/A
ECO418,N/A
ECO419,N/A
ECO420C,N/A
ECO420D,N/A
ECO420F,N/A
ECO423,N/A
ECO427,N/A
ECO434,N/A
ECO442,N/A
ECO461,N/A
ECO462,N/A
ECO465,N/A
ECO480,N/A
ECO514,N/A
ECO602,N/A
ECO615,N/A
ECO617,N/A
ECO640,N/A
ECO650,N/A
ECO661,N/A
ECO663,N/A
ECO671,N/A
ECO672,N/A
ECO685,N/A
EDL100,N/A
EDL110,N/A
EDL115,N/A
EDL141,N/A
EDL151,N/A
EDL204,N/A
EDL204H,N/A
EDL206,N/A
EDL215,N/A
EDL216,N/A
EDL232,N/A
EDL260,N/A
EDL280,N/A
EDL282,N/A
EDL301,N/A
EDL302,N/A
EDL310,N/A
EDL316,N/A
EDL317,N/A
EDL318A,N/A
EDL318E,N/A
EDL318M,N/A
EDL334,N/A
EDL352,N/A
EDL377,N/A
EDL417,N/A
EDL601,N/A
EDL602,N/A
EDL603,N/A
EDL607,N/A
EDL609,N/A
EDL614,N/A
EDL621,N/A
EDL623,N/A
EDL630A,N/A
EDL630B,N/A
EDL645,N/A
EDL646,N/A
EDL654,N/A
EDL656,N/A
EDL656A,N/A
EDL656B,N/A
EDL656F,N/A
EDL657,N/A
EDL660,N/A
EDL660C,N/A
EDL661,N/A
EDL662,N/A
EDL666,N/A
EDL667,N/A
EDL676,N/A
EDL677,N/A
EDL678,N/A
EDL681,N/A
EDL683,N/A
EDL685,N/A
EDL6993,N/A
EDL6994,N/A
EDL6996,N/A
EDL6997,N/A
EDL6998,N/A
EDL699O,N/A
EDL699V,N/A
EDL699W,N/A
EDL699X,N/A
EDL706,N/A
EDL710,N/A
EDL721,N/A
EDL723,N/A
EDL725,N/A
EDL741,N/A
EDL761,N/A
EDL762,N/A
EDL764,N/A
EDL765,N/A
EDL771,N/A
EDL772,N/A
EDL780A,N/A
EDL780B,N/A
EDL780C,N/A
EDL780D,N/A
EDL780Q,N/A
EDL780S,N/A
EDL780T,N/A
EDL780W,N/A
EDL785,N/A
EDL786,N/A
EDL790A,N/A
EDL790R,N/A
EDLF104,N/A
EDP101,N/A
EDP201,N/A
EDP201H,N/A
EDP220,N/A
EDP221,N/A
EDP222,N/A
EDP256,N/A
EDP256E,N/A
EDP272,N/A
EDP272H,N/A
EDP279,N/A
EDP301,N/A
EDP301A,N/A
EDP301M,N/A
EDP332,N/A
EDP333,N/A
EDP419F,N/A
EDP432,N/A
EDP440,N/A
EDP444,N/A
EDP450G,N/A
EDP454,N/A
EDP459,N/A
EDP471,N/A
EDP472,N/A
EDP477,N/A
EDP478,N/A
EDP488,N/A
EDP491,N/A
EDP494,N/A
EDP495,N/A
EDP495E,N/A
EDP496,N/A
EDP499N,N/A
EDP543,N/A
EDP556,N/A
EDP571W,N/A
EDP572W,N/A
EDP578,N/A
EDP596,N/A
EDP596W,N/A
EDP601,N/A
EDP601W,N/A
EDP603,N/A
EDP604,N/A
EDP607,N/A
EDP611,N/A
EDP612,N/A
EDP620,N/A
EDP635,N/A
EDP650,N/A
EDP650A,N/A
EDP650B,N/A
EDP650C,N/A
EDP651,N/A
EDP651W,N/A
EDP652,N/A
EDP652W,N/A
EDP654,N/A
EDP656,N/A
EDP656A,N/A
EDP658,N/A
EDP660,N/A
EDP662,N/A
EDP666,N/A
EDP667W,N/A
EDP672,N/A
EDP688,N/A
EDP689,N/A
EDP690A,N/A
EDP690B,N/A
EDP690G,N/A
EDP690H,N/A
EDP695A,N/A
EDP695B,N/A
EDP695C,N/A
EDP695D,N/A
EDP698F,N/A
EDP698H,N/A
EDP698I,N/A
EDP795,N/A
EDP800,N/A
EDT110,N/A
EDT180B,N/A
EDT180D,N/A
EDT181,N/A
EDT182,N/A
EDT190,N/A
EDT199A,N/A
EDT199B,N/A
EDT221,N/A
EDT222,N/A
EDT246A,N/A
EDT246E,N/A
EDT246M,N/A
EDT252M,N/A
EDT265,N/A
EDT272E,N/A
EDT277,N/A
EDT299D,N/A
EDT310,N/A
EDT311,N/A
EDT315E,N/A
EDT317E,N/A
EDT318E,N/A
EDT323,N/A
EDT346A,N/A
EDT346E,N/A
EDT346M,N/A
EDT362,N/A
EDT405,N/A
EDT415,N/A
EDT417E,N/A
EDT419A,N/A
EDT419E,N/A
EDT419I,N/A
EDT419M,N/A
EDT420B,N/A
EDT420F,N/A
EDT421A,N/A
EDT421M,N/A
EDT422,N/A
EDT423,N/A
EDT424,N/A
EDT425,N/A
EDT427,N/A
EDT428,N/A
EDT429A,N/A
EDT429M,N/A
EDT430,N/A
EDT431,N/A
EDT432,N/A
EDT433,N/A
EDT434,N/A
EDT436,N/A
EDT439,N/A
EDT441,N/A
EDT442E,N/A
EDT442M,N/A
EDT444,N/A
EDT445,N/A
EDT446A,N/A
EDT446L,N/A
EDT448E,N/A
EDT448M,N/A
EDT452,N/A
EDT453,N/A
EDT455,N/A
EDT465,N/A
EDT473E,N/A
EDT474E,N/A
EDT477,N/A
EDT495,N/A
EDT499L,N/A
EDT505,N/A
EDT519,N/A
EDT552,N/A
EDT553,N/A
EDT561,N/A
EDT565,N/A
EDT5999,N/A
EDT625,N/A
EDT689,N/A
EDT690,N/A
EDT6971,N/A
EDT6972,N/A
EDT6973,N/A
EDT6974,N/A
EDT6975,N/A
EDT697D,N/A
EDT697E,N/A
EDT697L,N/A
EDT697Q,N/A
EDT697R,N/A
EDT697S,N/A
EDT697U,N/A
EDT697V,N/A
EDT697W,N/A
EDT697X,N/A
EDT698G,N/A
EDT6997,N/A
EDT699A,N/A
EDT699B,N/A
EDT699J,N/A
EDT699K,N/A
EDTF103,N/A
EDTF105,N/A
EGM311,N/A
EGM511,N/A
EHS667,N/A
EHS668,N/A
ENG106,N/A
ENG108,N/A
ENG109,N/A
ENG111,N/A
ENG112,N/A
ENG113,N/A
ENG119,N/A
ENG123,N/A
ENG124,N/A
ENG125,N/A
ENG125H,N/A
ENG131,N/A
ENG132,N/A
ENG133,N/A
ENG134,N/A
ENG141,N/A
ENG142,N/A
ENG143,N/A
ENG144,N/A
ENG144H,N/A
ENG165,N/A
ENG169,N/A
ENG171,N/A
ENG180A,N/A
ENG180G,N/A
ENG180H,N/A
ENG180I,N/A
ENG180J,N/A
ENG180K,N/A
ENG180L,N/A
ENG201A,N/A
ENG201B,N/A
ENG201C,N/A
ENG202,N/A
ENG208,N/A
ENG222,N/A
ENG223,N/A
ENG224,N/A
ENG225,N/A
ENG226,N/A
ENG230J,N/A
ENG231,N/A
ENG232,N/A
ENG233,N/A
ENG237,N/A
ENG238,N/A
ENG248,N/A
ENG251,N/A
ENG252,N/A
ENG254,N/A
ENG261,N/A
ENG262,N/A
ENG271,N/A
ENG280C,N/A
ENG280D,N/A
ENG281,N/A
ENG283,N/A
ENG293,N/A
ENG298,N/A
ENG301,N/A
ENG302,N/A
ENG303,N/A
ENG304,N/A
ENG310B,N/A
ENG311,N/A
ENG312,N/A
ENG313,N/A
ENG313H,N/A
ENG315,N/A
ENG316,N/A
ENG320,N/A
ENG321,N/A
ENG323,N/A
ENG327,N/A
ENG328,N/A
ENG330,N/A
ENG331,N/A
ENG332,N/A
ENG335,N/A
ENG336,N/A
ENG337,N/A
ENG338,N/A
ENG339,N/A
ENG342,N/A
ENG343,N/A
ENG344,N/A
ENG345,N/A
ENG347,N/A
ENG348,N/A
ENG350C,N/A
ENG352,N/A
ENG353,N/A
ENG354,N/A
ENG355,N/A
ENG369,N/A
ENG370,N/A
ENG372,N/A
ENG373,N/A
ENG374,N/A
ENG399C,N/A
ENG405,N/A
ENG406,N/A
ENG410B,N/A
ENG411,N/A
ENG412,N/A
ENG413,N/A
ENG415,N/A
ENG416,N/A
ENG420,N/A
ENG422,N/A
ENG430,N/A
ENG435,N/A
ENG440,N/A
ENG440B,N/A
ENG440C,N/A
ENG440N,N/A
ENG440U,N/A
ENG440Y,N/A
ENG450,N/A
ENG450E,N/A
ENG450G,N/A
ENG450J,N/A
ENG450K,N/A
ENG450P,N/A
ENG460,N/A
ENG477,N/A
ENG481,N/A
ENG490,N/A
ENG490B,N/A
ENG490D,N/A
ENG490E,N/A
ENG490N,N/A
ENG490P,N/A
ENG490Q,N/A
ENG490S,N/A
ENG490V,N/A
ENG490X,N/A
ENG490Y,N/A
ENG495B,N/A
ENG495C,N/A
ENG495D,N/A
ENG495E,N/A
ENG495R,N/A
ENG496,N/A
ENG513,N/A
ENG599F,N/A
ENG601,N/A
ENG603,N/A
ENG605,N/A
ENG606,N/A
ENG607,N/A
ENG620,N/A
ENG640,N/A
ENG650,N/A
ENG651,N/A
ENG652,N/A
ENG680,N/A
ENG690,N/A
ENG690C,N/A
ENG6981,N/A
ENG6982,N/A
ENG6983,N/A
ENG6984,N/A
ENG6985,N/A
ENG6988,N/A
ENG6989,N/A
ENG698D,N/A
ENG698G,N/A
ENG698J,N/A
ENG698K,N/A
ENG698M,N/A
ENG698S,N/A
ENG698T,N/A
ENG698U,N/A
ENG698W,N/A
ENG698X,N/A
ENG6993,N/A
ENG6994,N/A
ENG6998,N/A
ENG699F,N/A
ENG699G,N/A
ENG699H,N/A
ENG699I,N/A
ENG699J,N/A
ENG699L,N/A
ENG699S,N/A
ENG700,N/A
ENG701Z,N/A
ENG710,N/A
ENG730A,N/A
ENG731,N/A
ENG732,N/A
ENG733,N/A
ENG735,N/A
ENG736,N/A
ENG740,N/A
ENG750,N/A
ENG760,N/A
ENG850,N/A
ENV274,N/A
ENV275,N/A
ENV474,N/A
ESP101,N/A
ESP102,N/A
ESP151,N/A
ESP201,N/A
ESP293,N/A
ESP306,N/A
ESP311,N/A
ESP366,N/A
ESP399L,N/A
ESP461,N/A
ESP464,N/A
ESP467,N/A
ESP467H,N/A
ESP469,N/A
ESP481,N/A
ESP490,N/A
ESP490B,N/A
ESP490C,N/A
ESP490E,N/A
FIN101,N/A
FIN299K,N/A
FIN299L,N/A
FIN299V,N/A
FIN301,N/A
FIN301C,N/A
FIN302,N/A
FIN303,N/A
FIN331,N/A
FIN351,N/A
FIN401,N/A
FIN401H,N/A
FIN402,N/A
FIN403,N/A
FIN404,N/A
FIN408,N/A
FIN417,N/A
FIN451,N/A
FIN452,N/A
FIN461,N/A
FIN463,N/A
FIN475,N/A
FIN481,N/A
FIN485,N/A
FIN485C,N/A
FIN625,N/A
FIN628,N/A
FIN655,N/A
FRE101,N/A
FRE102,N/A
FRE131,N/A
FRE141,N/A
FRE180E,N/A
FRE180I,N/A
FRE201,N/A
FRE202,N/A
FRE255,N/A
FRE301,N/A
FRE302,N/A
FRE303,N/A
FRE310,N/A
FRE339,N/A
FRE341,N/A
FRE341W,N/A
FRE350,N/A
FRE361,N/A
FRE366,N/A
FRE404,N/A
FRE410,N/A
FRE411,N/A
FRE411W,N/A
FRE415,N/A
FRE420A,N/A
FRE423,N/A
FRE430A,N/A
FRE443,N/A
FRE451,N/A
FRE453,N/A
FRE454,N/A
FRE462,N/A
FRE499W,N/A
FST135,N/A
FST201,N/A
FST201H,N/A
FST222,N/A
FST252,N/A
FST255,N/A
FST261,N/A
FST262,N/A
FST272,N/A
FST350B,N/A
FST350E,N/A
FST366,N/A
FST401,N/A
FSW201,N/A
FSW206,N/A
FSW221,N/A
FSW261,N/A
FSW281,N/A
FSW295,N/A
FSW306,N/A
FSW309,N/A
FSW312,N/A
FSW361,N/A
FSW362,N/A
FSW363,N/A
FSW365,N/A
FSW381,N/A
FSW406,N/A
FSW411,N/A
FSW412,N/A
FSW413,N/A
FSW418,N/A
FSW451,N/A
FSW462,N/A
FSW466,N/A
FSW475,N/A
FSW477,N/A
FSW481,N/A
FSW485,N/A
FSW494,N/A
FSW495,N/A
FSW498,N/A
FSW581,N/A
FSW611,N/A
FSW615,N/A
FSW617,N/A
FSW623,N/A
FSW716,N/A
FSW762,N/A
FSWF104,N/A
GEO101,N/A
GEO111,N/A
GEO121,N/A
GEO201,N/A
GEO205,N/A
GEO208,N/A
GEO211,N/A
GEO221,N/A
GEO241,N/A
GEO242,N/A
GEO271,N/A
GEO276,N/A
GEO280B,N/A
GEO280C,N/A
GEO301,N/A
GEO302,N/A
GEO308,N/A
GEO311,N/A
GEO333,N/A
GEO340,N/A
GEO378,N/A
GEO385,N/A
GEO399A,N/A
GEO406,N/A
GEO408,N/A
GEO421,N/A
GEO425,N/A
GEO426,N/A
GEO432,N/A
GEO436,N/A
GEO441,N/A
GEO442,N/A
GEO443,N/A
GEO448,N/A
GEO451,N/A
GEO454,N/A
GEO455,N/A
GEO457,N/A
GEO458,N/A
GEO459,N/A
GEO460A,N/A
GEO460C,N/A
GEO460E,N/A
GEO460F,N/A
GEO475,N/A
GEO476,N/A
GEO477,N/A
GEO491,N/A
GEO492,N/A
GEO493,N/A
GEO544,N/A
GEO620,N/A
GEOF104,N/A
GEOF106,N/A
GER101,N/A
GER102,N/A
GER111,N/A
GER141,N/A
GER151,N/A
GER180E,N/A
GER201,N/A
GER202,N/A
GER231,N/A
GER231H,N/A
GER232,N/A
GER241,N/A
GER252,N/A
GER255,N/A
GER261,N/A
GER277W,N/A
GER301,N/A
GER309,N/A
GER311,N/A
GER312,N/A
GER321,N/A
GER322,N/A
GER377W,N/A
GER410A,N/A
GER410E,N/A
GER410K,N/A
GER471,N/A
GHS101,N/A
GLG111,N/A
GLG115L,N/A
GLG121,N/A
GLG141,N/A
GLG141H,N/A
GLG180A,N/A
GLG180B,N/A
GLG201,N/A
GLG204,N/A
GLG211,N/A
GLG244,N/A
GLG261,N/A
GLG301,N/A
GLG307,N/A
GLG322,N/A
GLG335,N/A
GLG354,N/A
GLG357,N/A
GLG402,N/A
GLG408,N/A
GLG411A,N/A
GLG413,N/A
GLG432,N/A
GLG435,N/A
GLG436,N/A
GLG450,N/A
GLG461,N/A
GLG499J,N/A
GLG710,N/A
GLGF108,N/A
GRK101,N/A
GRK102,N/A
GRK201,N/A
GSC601,N/A
GSC602,N/A
GSC603,N/A
GTY154,N/A
GTY260,N/A
GTY318,N/A
GTY335,N/A
GTY356,N/A
GTY357,N/A
GTY365,N/A
GTY375,N/A
GTY440G,N/A
GTY463,N/A
GTY466,N/A
GTY472,N/A
GTY476,N/A
GTY478,N/A
GTY485,N/A
GTY560,N/A
GTY602,N/A
GTY605,N/A
GTY608,N/A
GTY609,N/A
GTY611,N/A
GTY641,N/A
GTY647,N/A
GTY667,N/A
GTY708,N/A
GTY709,N/A
GTY740,N/A
HBW101,N/A
HBW102,N/A
HBW201,N/A
HBW202,N/A
HIN101,N/A
HIN102,N/A
HIN201,N/A
HIN268,N/A
HON181,N/A
HON190A,N/A
HON190B,N/A
HON190C,N/A
HON190E,N/A
HON190F,N/A
HON190G,N/A
HON190I,N/A
HON190M,N/A
HON190N,N/A
HON190O,N/A
HON190Q,N/A
HON281B,N/A
HON281D,N/A
HON281E,N/A
HON281F,N/A
HON282B,N/A
HON282D,N/A
HON282E,N/A
HON282F,N/A
HON290A,N/A
HON290B,N/A
HON290C,N/A
HON290D,N/A
HON290G,N/A
HON290H,N/A
HON290I,N/A
HON390A,N/A
HON390E,N/A
HST111,N/A
HST112,N/A
HST121,N/A
HST122,N/A
HST180J,N/A
HST180M,N/A
HST197,N/A
HST197H,N/A
HST198,N/A
HST206,N/A
HST211,N/A
HST212,N/A
HST212H,N/A
HST214,N/A
HST216,N/A
HST217,N/A
HST221,N/A
HST222,N/A
HST224,N/A
HST225,N/A
HST230A,N/A
HST233,N/A
HST241,N/A
HST242,N/A
HST243,N/A
HST245,N/A
HST246,N/A
HST250,N/A
HST250A,N/A
HST252,N/A
HST253,N/A
HST254,N/A
HST260,N/A
HST270B,N/A
HST270D,N/A
HST275,N/A
HST290C,N/A
HST296,N/A
HST307,N/A
HST313,N/A
HST314,N/A
HST315,N/A
HST316,N/A
HST317,N/A
HST318,N/A
HST319,N/A
HST324,N/A
HST325,N/A
HST326,N/A
HST327,N/A
HST328,N/A
HST330E,N/A
HST330F,N/A
HST332,N/A
HST333,N/A
HST337,N/A
HST339,N/A
HST346,N/A
HST347,N/A
HST348,N/A
HST350A,N/A
HST350B,N/A
HST353,N/A
HST354,N/A
HST355,N/A
HST357,N/A
HST359,N/A
HST360B,N/A
HST360K,N/A
HST360T,N/A
HST361,N/A
HST362,N/A
HST363,N/A
HST365,N/A
HST367,N/A
HST368,N/A
HST369,N/A
HST374,N/A
HST375,N/A
HST378,N/A
HST382,N/A
HST383,N/A
HST385,N/A
HST387,N/A
HST388,N/A
HST392,N/A
HST397,N/A
HST399C,N/A
HST4001,N/A
HST4002,N/A
HST4005,N/A
HST4006,N/A
HST4007,N/A
HST400A,N/A
HST400F,N/A
HST400G,N/A
HST400I,N/A
HST400N,N/A
HST400R,N/A
HST400S,N/A
HST400U,N/A
HST400V,N/A
HST400W,N/A
HST400X,N/A
HST400Z,N/A
HST410C,N/A
HST410E,N/A
HST410I,N/A
HST421,N/A
HST428,N/A
HST433,N/A
HST434,N/A
HST435,N/A
HST436,N/A
HST437,N/A
HST442,N/A
HST450F,N/A
HST452,N/A
HST601,N/A
HST602,N/A
HST603,N/A
HST611,N/A
HST612,N/A
HST645,N/A
HST670A,N/A
HST670B,N/A
HST670C,N/A
HST670D,N/A
HST670F,N/A
HST670G,N/A
HST670H,N/A
HST702,N/A
HST710,N/A
IDS112,N/A
IDS151,N/A
IDS153,N/A
IDS154,N/A
IDS156,N/A
IDS159,N/A
IES175,N/A
IES211,N/A
IES274,N/A
IES275,N/A
IES431,N/A
IES439,N/A
IES450,N/A
IES474,N/A
IES511,N/A
IES513,N/A
IES529,N/A
IES531,N/A
IES550,N/A
IES598,N/A
IES610,N/A
IES610G,N/A
IES611,N/A
IES612,N/A
IES620,N/A
IES680,N/A
IES680Z,N/A
IES696,N/A
IMS171,N/A
IMS201,N/A
IMS211,N/A
IMS212,N/A
IMS222,N/A
IMS224,N/A
IMS225,N/A
IMS238,N/A
IMS253,N/A
IMS254,N/A
IMS257,N/A
IMS259,N/A
IMS261,N/A
IMS310,N/A
IMS319,N/A
IMS333,N/A
IMS340,N/A
IMS351,N/A
IMS355,N/A
IMS356,N/A
IMS377S,N/A
IMS390,N/A
IMS390C,N/A
IMS390I,N/A
IMS390S,N/A
IMS390V,N/A
IMS407,N/A
IMS413,N/A
IMS414,N/A
IMS418,N/A
IMS419,N/A
IMS422,N/A
IMS440,N/A
IMS445,N/A
IMS487,N/A
ISA203,N/A
ISA205,N/A
ISA235,N/A
ISA235C,N/A
ISA245,N/A
ISA281,N/A
ISA291,N/A
ISA301,N/A
ISA303,N/A
ISA305,N/A
ISA321,N/A
ISA365,N/A
ISA385L,N/A
ISA387,N/A
ISA399V,N/A
ISA403,N/A
ISA404,N/A
ISA406,N/A
ISA444,N/A
ISA491,N/A
ISA495,N/A
ISA625,N/A
ITL101,N/A
ITL102,N/A
ITL201,N/A
ITL202,N/A
ITL205W,N/A
ITL221,N/A
ITL222,N/A
ITL262,N/A
ITL301,N/A
ITL302,N/A
ITL364,N/A
ITL410C,N/A
ITS201,N/A
ITS201H,N/A
ITS201M,N/A
ITS208,N/A
ITS301,N/A
ITS302,N/A
ITS365,N/A
ITS365A,N/A
ITS365B,N/A
ITS390,N/A
ITS402E,N/A
ITS402J,N/A
ITS402M,N/A
ITS402N,N/A
ITS402O,N/A
ITS402P,N/A
ITS402R,N/A
JPN101,N/A
JPN102,N/A
JPN201,N/A
JPN202,N/A
JPN231,N/A
JPN255,N/A
JPN266,N/A
JPN279,N/A
JPN301,N/A
JPN302,N/A
JPN381,N/A
JPN401,N/A
JPN402,N/A
JRN101,N/A
JRN101H,N/A
JRN180C,N/A
JRN201,N/A
JRN201H,N/A
JRN202,N/A
JRN280A,N/A
JRN301,N/A
JRN303,N/A
JRN312,N/A
JRN316,N/A
JRN318,N/A
JRN333,N/A
JRN340,N/A
JRN350,N/A
JRN350A,N/A
JRN412,N/A
JRN418,N/A
JRN421,N/A
KNH102,N/A
KNH103,N/A
KNH104,N/A
KNH110A,N/A
KNH110G,N/A
KNH110S,N/A
KNH110T,N/A
KNH110U,N/A
KNH110W,N/A
KNH112,N/A
KNH116,N/A
KNH120C,N/A
KNH120G,N/A
KNH120I,N/A
KNH120K,N/A
KNH120L,N/A
KNH120M,N/A
KNH130K,N/A
KNH130M,N/A
KNH130O,N/A
KNH130P,N/A
KNH130T,N/A
KNH140H,N/A
KNH140K,N/A
KNH140M,N/A
KNH150A,N/A
KNH150B,N/A
KNH150C,N/A
KNH150E,N/A
KNH150F,N/A
KNH150J,N/A
KNH170A,N/A
KNH171,N/A
KNH182,N/A
KNH183,N/A
KNH183L,N/A
KNH184,N/A
KNH184L,N/A
KNH188,N/A
KNH188H,N/A
KNH194,N/A
KNH194L,N/A
KNH201,N/A
KNH203,N/A
KNH205,N/A
KNH206,N/A
KNH209,N/A
KNH212,N/A
KNH213,N/A
KNH232,N/A
KNH242,N/A
KNH243,N/A
KNH244,N/A
KNH244L,N/A
KNH245,N/A
KNH247,N/A
KNH272,N/A
KNH274,N/A
KNH276,N/A
KNH279,N/A
KNH281E,N/A
KNH285,N/A
KNH285L,N/A
KNH286A,N/A
KNH286B,N/A
KNH286C,N/A
KNH286D,N/A
KNH286E,N/A
KNH286F,N/A
KNH287,N/A
KNH287L,N/A
KNH288,N/A
KNH289,N/A
KNH292,N/A
KNH294,N/A
KNH297,N/A
KNH303,N/A
KNH304,N/A
KNH306,N/A
KNH313,N/A
KNH329,N/A
KNH336A,N/A
KNH336B,N/A
KNH336F,N/A
KNH336G,N/A
KNH336I,N/A
KNH337,N/A
KNH338,N/A
KNH348,N/A
KNH348F,N/A
KNH362,N/A
KNH367,N/A
KNH375,N/A
KNH378,N/A
KNH381,N/A
KNH381L,N/A
KNH382,N/A
KNH383,N/A
KNH385,N/A
KNH392,N/A
KNH393,N/A
KNH402,N/A
KNH403,N/A
KNH404,N/A
KNH405,N/A
KNH406,N/A
KNH409,N/A
KNH411,N/A
KNH413,N/A
KNH414,N/A
KNH415,N/A
KNH416,N/A
KNH419P,N/A
KNH420,N/A
KNH420G,N/A
KNH432,N/A
KNH447,N/A
KNH4532,N/A
KNH4535,N/A
KNH4536,N/A
KNH4537,N/A
KNH4538,N/A
KNH453A,N/A
KNH453B,N/A
KNH453E,N/A
KNH453G,N/A
KNH453H,N/A
KNH453I,N/A
KNH453K,N/A
KNH453L,N/A
KNH453M,N/A
KNH453N,N/A
KNH453O,N/A
KNH453Q,N/A
KNH453R,N/A
KNH453S,N/A
KNH453T,N/A
KNH462,N/A
KNH468,N/A
KNH468L,N/A
KNH471,N/A
KNH472,N/A
KNH473,N/A
KNH475,N/A
KNH482,N/A
KNH484,N/A
KNH495,N/A
KNH499A,N/A
KNH509,N/A
KNH5533,N/A
KNH553C,N/A
KNH553J,N/A
KNH553K,N/A
KNH610,N/A
KNH611,N/A
KNH613,N/A
KNH621,N/A
KNH623,N/A
KNH632,N/A
KNH633,N/A
KNH634,N/A
KNH654,N/A
KNH668,N/A
KNH673,N/A
KNH676,N/A
KNH681,N/A
KNH683,N/A
KNH684,N/A
KNH685,N/A
KNH688,N/A
KNHF117,N/A
KOR101,N/A
KOR102,N/A
LAS207,N/A
LAS208,N/A
LAS217,N/A
LAS243,N/A
LAS254,N/A
LAS260,N/A
LAS299R,N/A
LAS300D,N/A
LAS300E,N/A
LAS319,N/A
LAS390A,N/A
LAS390C,N/A
LAS410A,N/A
LAS410E,N/A
LAS410F,N/A
LAS410J,N/A
LAS699B,N/A
LAT101,N/A
LAT102,N/A
LAT121,N/A
LAT201,N/A
LAT202,N/A
LAT310,N/A
LAT310A,N/A
LAT310T,N/A
LAT404,N/A
MBI102,N/A
MBI104,N/A
MBI111,N/A
MBI121,N/A
MBI123,N/A
MBI131,N/A
MBI131H,N/A
MBI143,N/A
MBI201,N/A
MBI202,N/A
MBI223,N/A
MBI224,N/A
MBI361,N/A
MBI361H,N/A
MBI365,N/A
MBI405,N/A
MBI415,N/A
MBI425,N/A
MBI435,N/A
MBI445,N/A
MBI464,N/A
MBI465,N/A
MBI475,N/A
MBI488,N/A
MBI489,N/A
MBI490,N/A
MBI495,N/A
MBI690,N/A
MBI750F,N/A
MBIF107,N/A
MGT111,N/A
MGT291,N/A
MGT291C,N/A
MGT302,N/A
MGT302S,N/A
MGT303,N/A
MGT304,N/A
MGT304V,N/A
MGT399V,N/A
MGT402,N/A
MGT404,N/A
MGT405,N/A
MGT414,N/A
MGT415,N/A
MGT416,N/A
MGT432,N/A
MGT451,N/A
MGT453,N/A
MGT463,N/A
MGT474,N/A
MGT495,N/A
MGT498,N/A
MGT601,N/A
MGT615,N/A
MGT644,N/A
MIS235,N/A
MIS235C,N/A
MIS245,N/A
MIS281,N/A
MIS301,N/A
MIS303,N/A
MIS305,N/A
MIS385,N/A
MIS385S,N/A
MIS387,N/A
MIS399V,N/A
MIS403,N/A
MIS404,N/A
MIS406,N/A
MIS495,N/A
MIS621,N/A
MIS625,N/A
MIS682,N/A
MKT291,N/A
MKT291H,N/A
MKT291S,N/A
MKT292,N/A
MKT301,N/A
MKT301C,N/A
MKT325,N/A
MKT335,N/A
MKT336,N/A
MKT399K,N/A
MKT405,N/A
MKT405K,N/A
MKT412,N/A
MKT415,N/A
MKT419,N/A
MKT425,N/A
MKT431,N/A
MKT435,N/A
MKT442,N/A
MKT442E,N/A
MKT442H,N/A
MKT444H,N/A
MKT445,N/A
MKT495,N/A
MKT601,N/A
MKT602,N/A
MME102,N/A
MME177,N/A
MME211,N/A
MME213,N/A
MME223,N/A
MME231,N/A
MME303,N/A
MME311,N/A
MME312,N/A
MME313,N/A
MME314,N/A
MME315,N/A
MME320,N/A
MME334,N/A
MME341,N/A
MME360A,N/A
MME360B,N/A
MME403,N/A
MME411,N/A
MME412,N/A
MME414,N/A
MME434,N/A
MME435,N/A
MME436,N/A
MME437,N/A
MME448,N/A
MME449,N/A
MME451,N/A
MTH102,N/A
MTH104,N/A
MTH115,N/A
MTH116,N/A
MTH121,N/A
MTH123,N/A
MTH149,N/A
MTH151,N/A
MTH153,N/A
MTH190,N/A
MTH217,N/A
MTH218,N/A
MTH222,N/A
MTH222T,N/A
MTH231,N/A
MTH245,N/A
MTH249,N/A
MTH249H,N/A
MTH251,N/A
MTH252,N/A
MTH252H,N/A
MTH330,N/A
MTH331,N/A
MTH331T,N/A
MTH347,N/A
MTH407,N/A
MTH408,N/A
MTH409,N/A
MTH411,N/A
MTH421,N/A
MTH425,N/A
MTH430,N/A
MTH432,N/A
MTH435,N/A
MTH436,N/A
MTH437,N/A
MTH438,N/A
MTH439,N/A
MTH441,N/A
MTH447,N/A
MTH451,N/A
MTH453,N/A
MTH482,N/A
MTH522,N/A
MTH537,N/A
MTH538,N/A
MTH551,N/A
MTH591,N/A
MTH621,N/A
MTH632,N/A
MTH638,N/A
MTH641,N/A
MTH651,N/A
MTH698,N/A
MUS100A,N/A
MUS100B,N/A
MUS100C,N/A
MUS100D,N/A
MUS100E,N/A
MUS100F,N/A
MUS100G,N/A
MUS100H,N/A
MUS100I,N/A
MUS100K,N/A
MUS100M,N/A
MUS100N,N/A
MUS100O,N/A
MUS100P,N/A
MUS100Q,N/A
MUS100T,N/A
MUS100U,N/A
MUS100V,N/A
MUS100X,N/A
MUS100Y,N/A
MUS101,N/A
MUS102,N/A
MUS111,N/A
MUS112,N/A
MUS115,N/A
MUS119,N/A
MUS135,N/A
MUS135H,N/A
MUS139,N/A
MUS140,N/A
MUS142B,N/A
MUS146,N/A
MUS151,N/A
MUS152,N/A
MUS160,N/A
MUS161,N/A
MUS175,N/A
MUS180B,N/A
MUS181,N/A
MUS184,N/A
MUS185,N/A
MUS186,N/A
MUS187,N/A
MUS188,N/A
MUS189,N/A
MUS189H,N/A
MUS201,N/A
MUS202,N/A
MUS211,N/A
MUS212,N/A
MUS215,N/A
MUS218,N/A
MUS218A,N/A
MUS221,N/A
MUS222,N/A
MUS231,N/A
MUS232A,N/A
MUS232B,N/A
MUS233,N/A
MUS234A,N/A
MUS234B,N/A
MUS235,N/A
MUS236,N/A
MUS249,N/A
MUS251,N/A
MUS252,N/A
MUS260,N/A
MUS261,N/A
MUS266E,N/A
MUS275,N/A
MUS285,N/A
MUS287,N/A
MUS301,N/A
MUS302,N/A
MUS303,N/A
MUS311,N/A
MUS312,N/A
MUS351,N/A
MUS352,N/A
MUS354,N/A
MUS355,N/A
MUS356,N/A
MUS358,N/A
MUS359,N/A
MUS371,N/A
MUS385,N/A
MUS386,N/A
MUS419,N/A
MUS451,N/A
MUS452,N/A
MUS456,N/A
MUS475,N/A
MUS493,N/A
MUS501,N/A
MUS561,N/A
MUS590,N/A
MUS599D,N/A
MUS621,N/A
MUS626,N/A
MUS627,N/A
MUS628,N/A
MUS630C,N/A
MUS630G,N/A
MUS640,N/A
MUS661,N/A
NSC101,N/A
NSC102,N/A
NSC110,N/A
NSC201,N/A
NSC202,N/A
NSC210,N/A
NSC211,N/A
NSC301,N/A
NSC302,N/A
NSC310,N/A
NSC311,N/A
NSC330,N/A
NSC402,N/A
NSC410,N/A
NSC411,N/A
NSG499A,N/A
PCE201,N/A
PCE202,N/A
PCE204,N/A
PCE219,N/A
PCE301,N/A
PCE311,N/A
PCE313,N/A
PCE314,N/A
PCE320,N/A
PCE341,N/A
PCE403,N/A
PCE405,N/A
PCE412,N/A
PCE414,N/A
PCE415,N/A
PCE416,N/A
PCE417,N/A
PCE442,N/A
PCE451,N/A
PCE471,N/A
PCE472,N/A
PCE473,N/A
PCE482,N/A
PCE600,N/A
PCE611,N/A
PHL101,N/A
PHL101H,N/A
PHL103,N/A
PHL103H,N/A
PHL104,N/A
PHL105,N/A
PHL105H,N/A
PHL106,N/A
PHL131,N/A
PHL131H,N/A
PHL180A,N/A
PHL180B,N/A
PHL205,N/A
PHL211,N/A
PHL221,N/A
PHL241,N/A
PHL263,N/A
PHL273,N/A
PHL301,N/A
PHL301H,N/A
PHL302,N/A
PHL302H,N/A
PHL307,N/A
PHL310P,N/A
PHL311,N/A
PHL335,N/A
PHL355,N/A
PHL360A,N/A
PHL373,N/A
PHL375,N/A
PHL375H,N/A
PHL376,N/A
PHL390,N/A
PHL402,N/A
PHL404,N/A
PHL410B,N/A
PHL410T,N/A
PHL411,N/A
PHL430P,N/A
PHL440,N/A
PHL450D,N/A
PHL450W,N/A
PHL459,N/A
PHL495,N/A
PHL496,N/A
PHL502,N/A
PHL540K,N/A
PHL570,N/A
PHL593,N/A
PHL610,N/A
PHL620,N/A
PHL620A,N/A
PHL620B,N/A
PHL620C,N/A
PHLF110,N/A
PHY101,N/A
PHY103,N/A
PHY111,N/A
PHY118,N/A
PHY121,N/A
PHY131,N/A
PHY141,N/A
PHY171,N/A
PHY172,N/A
PHY173,N/A
PHY174,N/A
PHY180A,N/A
PHY180B,N/A
PHY180C,N/A
PHY180D,N/A
PHY181,N/A
PHY181F,N/A
PHY182,N/A
PHY182F,N/A
PHY182P,N/A
PHY183,N/A
PHY183L,N/A
PHY184,N/A
PHY185,N/A
PHY211,N/A
PHY215,N/A
PHY277,N/A
PHY281,N/A
PHY286,N/A
PHY291,N/A
PHY292,N/A
PHY293,N/A
PHY294,N/A
PHY311,N/A
PHY341,N/A
PHY400,N/A
PHY437,N/A
PHY451,N/A
PHY461,N/A
PHY481,N/A
PHY483,N/A
PHY491,N/A
PHY500,N/A
PHY537,N/A
PHY610,N/A
PHY651,N/A
PHY671,N/A
PHY689,N/A
PHY691,N/A
PLW101,N/A
PLW401,N/A
PMD101,N/A
PMD301,N/A
POL101,N/A
POL102,N/A
POL104,N/A
POL111,N/A
POL140,N/A
POL140C,N/A
POL142,N/A
POL201,N/A
POL201H,N/A
POL220,N/A
POL221,N/A
POL221H,N/A
POL221W,N/A
POL241,N/A
POL241H,N/A
POL241W,N/A
POL261,N/A
POL271,N/A
POL303,N/A
POL306,N/A
POL307,N/A
POL328,N/A
POL331,N/A
POL332,N/A
POL333,N/A
POL334,N/A
POL335,N/A
POL336,N/A
POL336H,N/A
POL337,N/A
POL338,N/A
POL339,N/A
POL343,N/A
POL344,N/A
POL346,N/A
POL351,N/A
POL352,N/A
POL352H,N/A
POL353,N/A
POL353H,N/A
POL354,N/A
POL355,N/A
POL356,N/A
POL357,N/A
POL359,N/A
POL362,N/A
POL363,N/A
POL364,N/A
POL365,N/A
POL373,N/A
POL373H,N/A
POL374,N/A
POL375,N/A
POL376,N/A
POL378,N/A
POL379,N/A
POL381,N/A
POL382,N/A
POL384,N/A
POL387,N/A
POL406,N/A
POL411,N/A
POL419,N/A
POL423,N/A
POL426,N/A
POL430,N/A
POL439,N/A
POL440,N/A
POL440C,N/A
POL459C,N/A
POL459D,N/A
POL459E,N/A
POL459H,N/A
POL459J,N/A
POL459K,N/A
POL459M,N/A
POL459N,N/A
POL459O,N/A
POL459P,N/A
POL460,N/A
POL466,N/A
POL467,N/A
POL468,N/A
POL471,N/A
POL487,N/A
POL489,N/A
POL606,N/A
POL666,N/A
POR111,N/A
POR211,N/A
PSY111,N/A
PSY111H,N/A
PSY200F,N/A
PSY210,N/A
PSY211,N/A
PSY211H,N/A
PSY212,N/A
PSY212H,N/A
PSY221,N/A
PSY221H,N/A
PSY231,N/A
PSY231H,N/A
PSY241,N/A
PSY241H,N/A
PSY242,N/A
PSY242H,N/A
PSY251,N/A
PSY271,N/A
PSY275,N/A
PSY293,N/A
PSY294,N/A
PSY313,N/A
PSY320,N/A
PSY320A,N/A
PSY320B,N/A
PSY324,N/A
PSY325,N/A
PSY326,N/A
PSY327,N/A
PSY331,N/A
PSY332,N/A
PSY333,N/A
PSY334,N/A
PSY340,N/A
PSY343,N/A
PSY345,N/A
PSY351,N/A
PSY356,N/A
PSY372,N/A
PSY374,N/A
PSY375,N/A
PSY376,N/A
PSY377,N/A
PSY394,N/A
PSY400,N/A
PSY4103,N/A
PSY4104,N/A
PSY4105,N/A
PSY410A,N/A
PSY410D,N/A
PSY410E,N/A
PSY410F,N/A
PSY410G,N/A
PSY410J,N/A
PSY410K,N/A
PSY410R,N/A
PSY410T,N/A
PSY410U,N/A
PSY410V,N/A
PSY420,N/A
PSY430,N/A
PSY451,N/A
PSY453,N/A
PSY456,N/A
PSY470,N/A
PSY471,N/A
PSY474,N/A
PSY477,N/A
PSY485,N/A
PSY551,N/A
PSY574,N/A
PSY601,N/A
PSY602,N/A
PSY603,N/A
PSY604,N/A
PSY620,N/A
PSY630,N/A
PSY643B,N/A
PSY643D,N/A
PSY643M,N/A
PSY644E,N/A
PSY644K,N/A
PSY645B,N/A
PSY645G,N/A
PSY645I,N/A
PSY670B,N/A
PSY685,N/A
PSY694,N/A
PSY730,N/A
PSY740,N/A
PSYF104,N/A
REL101,N/A
REL102,N/A
REL102H,N/A
REL103,N/A
REL111,N/A
REL133,N/A
REL175,N/A
REL186,N/A
REL201,N/A
REL202,N/A
REL203,N/A
REL211,N/A
REL213,N/A
REL231,N/A
REL233,N/A
REL236,N/A
REL241,N/A
REL242,N/A
REL302,N/A
REL313,N/A
REL323,N/A
REL324,N/A
REL326,N/A
REL333,N/A
REL334,N/A
REL336,N/A
REL341,N/A
REL343,N/A
REL360A,N/A
REL360B,N/A
REL360J,N/A
REL360Y,N/A
REL385,N/A
REL430,N/A
REL470,N/A
RUS101,N/A
RUS102,N/A
RUS133,N/A
RUS201,N/A
RUS202,N/A
RUS250B,N/A
RUS255,N/A
RUS258,N/A
RUS301,N/A
RUS302,N/A
RUS311,N/A
RUS411,N/A
RUS450A,N/A
SCA111,N/A
SCA111H,N/A
SCA121,N/A
SCA182,N/A
SCA201,N/A
SCA221,N/A
SCA321,N/A
SCA410,N/A
SJS165,N/A
SJS215,N/A
SJS216,N/A
SJS265,N/A
SJS323,N/A
SOC151,N/A
SOC152,N/A
SOC153,N/A
SOC165,N/A
SOC201,N/A
SOC202,N/A
SOC203,N/A
SOC205,N/A
SOC207,N/A
SOC208,N/A
SOC221,N/A
SOC221H,N/A
SOC225,N/A
SOC257,N/A
SOC258,N/A
SOC262,N/A
SOC265,N/A
SOC272,N/A
SOC305,N/A
SOC318,N/A
SOC323,N/A
SOC335,N/A
SOC348,N/A
SOC352,N/A
SOC357,N/A
SOC363,N/A
SOC372,N/A
SOC409,N/A
SOC410,N/A
SOC412,N/A
SOC413,N/A
SOC417,N/A
SOC435,N/A
SOC440C,N/A
SOC451,N/A
SOC454,N/A
SOC459,N/A
SOC482,N/A
SOC487,N/A
SOC490M,N/A
SOC590F,N/A
SOCF104,N/A
SPA101,N/A
SPA127,N/A
SPA211,N/A
SPA212,N/A
SPA216,N/A
SPA222,N/A
SPA223,N/A
SPA225,N/A
SPA233,N/A
SPA248,N/A
SPA293,N/A
SPA312,N/A
SPA316,N/A
SPA326,N/A
SPA334,N/A
SPA393,N/A
SPA402,N/A
SPA413,N/A
SPA426,N/A
SPA427,N/A
SPA435,N/A
SPA493,N/A
SPA516,N/A
SPA527,N/A
SPA605,N/A
SPA614,N/A
SPA620,N/A
SPA621,N/A
SPA622,N/A
SPA625,N/A
SPA626,N/A
SPA627,N/A
SPA629,N/A
SPA631,N/A
SPA633,N/A
SPA641,N/A
SPA651,N/A
SPA660,N/A
SPA662,N/A
SPA671,N/A
SPA672,N/A
SPA673,N/A
SPA711,N/A
SPA720,N/A
SPA750,N/A
SPN110,N/A
SPN111,N/A
SPN201,N/A
SPN202,N/A
SPN203,N/A
SPN241,N/A
SPN242,N/A
SPN292,N/A
SPN299D,N/A
SPN303,N/A
SPN311,N/A
SPN312,N/A
SPN315,N/A
SPN316,N/A
SPN317,N/A
SPN331,N/A
SPN341,N/A
SPN342,N/A
SPN351,N/A
SPN352,N/A
SPN361,N/A
SPN362,N/A
SPN377,N/A
SPN377X,N/A
SPN381,N/A
SPN382,N/A
SPN390A,N/A
SPN399A,N/A
SPN399B,N/A
SPN399D,N/A
SPN399E,N/A
SPN420B,N/A
SPN420R,N/A
SPN420X,N/A
SPN430F,N/A
SPN430J,N/A
SPN430R,N/A
SPN430X,N/A
SPN430Y,N/A
SPN430Z,N/A
SPN450B,N/A
SPN452,N/A
SPN454,N/A
SPN462,N/A
SPN463,N/A
SPN464,N/A
SPN481,N/A
SPN482,N/A
SPN484,N/A
SPN490M,N/A
SPN490R,N/A
SPN490S,N/A
SPN490T,N/A
SPN490U,N/A
SPN490V,N/A
SPN490W,N/A
SPNF103,N/A
STA261,N/A
STA261H,N/A
STA271,N/A
STA301,N/A
STA333,N/A
STA363,N/A
STA365,N/A
STA368,N/A
STA401,N/A
STA402,N/A
STA432,N/A
STA462,N/A
STA463,N/A
STA466,N/A
STA471,N/A
STA475,N/A
STA483,N/A
STA502,N/A
STA563,N/A
STA566,N/A
STA583,N/A
STA660,N/A
STA664,N/A
STA665,N/A
STA666,N/A
STA668,N/A
STA671,N/A
STA672,N/A
STA685,N/A
STA686,N/A
THE101,N/A
THE103,N/A
THE107,N/A
THE123,N/A
THE131,N/A
THE151,N/A
THE191,N/A
THE200A,N/A
THE200E,N/A
THE200O,N/A
THE202,N/A
THE204,N/A
THE205,N/A
THE206,N/A
THE207,N/A
THE208,N/A
THE210,N/A
THE210A,N/A
THE210B,N/A
THE210C,N/A
THE221,N/A
THE222,N/A
THE231,N/A
THE233,N/A
THE239,N/A
THE243,N/A
THE251,N/A
THE253,N/A
THE254,N/A
THE255,N/A
THE258,N/A
THE291,N/A
THE292,N/A
THE301,N/A
THE314,N/A
THE333,N/A
THE341,N/A
THE342,N/A
THE343,N/A
THE391,N/A
THE392,N/A
THE393,N/A
THE395,N/A
THE396,N/A
THE432,N/A
THE437,N/A
THE438,N/A
THE439,N/A
THE452,N/A
THE453,N/A
THE490,N/A
THE491,N/A
THE492,N/A
THE493,N/A
WGS180Y,N/A
WGS201,N/A
WGS201H,N/A
WGS202,N/A
WGS203,N/A
WGS221,N/A
WGS232,N/A
WGS290C,N/A
WGS301,N/A
WGS302,N/A
WGS309,N/A
WGS333,N/A
WGS355,N/A
WGS361,N/A
WGS401,N/A
WGS432,N/A
WGS435,N/A
WGS461,N/A
WMS180B,N/A
WMS180J,N/A
WMS201,N/A
WMS202,N/A
WMS237,N/A
WMS301,N/A
WMS302,N/A
WMS346,N/A
WMS355,N/A
WMS401,N/A
WMS435,N/A
WMS601,N/A
WST103,N/A
WST110A,N/A
WST110B,N/A
WST201,N/A
WST201H,N/A
WST203,N/A
WST215,N/A
WST231,N/A
WST251,N/A
WST301,N/A
WST315H,N/A
WST322,N/A
WST341,N/A
WST421,N/A
WST444,N/A
WST445,N/A
WSTF104,N/A
WSTF107,N/A
WSTF112,N/A
ZOO104,N/A
ZOO115,N/A
ZOO115H,N/A
ZOO116,N/A
ZOO116H,N/A
ZOO121,N/A
ZOO121H,N/A
ZOO161,N/A
ZOO161H,N/A
ZOO201,N/A
ZOO203,N/A
ZOO203H,N/A
ZOO206,N/A
ZOO209,N/A
ZOO209H,N/A
ZOO256,N/A
ZOO275,N/A
ZOO277,N/A
ZOO305,N/A
ZOO311,N/A
ZOO312,N/A
ZOO320,N/A
ZOO333,N/A
ZOO340S,N/A
ZOO342,N/A
ZOO351,N/A
ZOO361,N/A
ZOO395,N/A
ZOO400,N/A
ZOO401,N/A
ZOO408,N/A
ZOO409,N/A
ZOO422,N/A
ZOO431,N/A
ZOO438,N/A
ZOO443,N/A
ZOO444,N/A
ZOO453,N/A
ZOO454,N/A
ZOO457,N/A
ZOO462,N/A
ZOO463,N/A
ZOO465,N/A
ZOO467,N/A
ZOO469,N/A
ZOO471,N/A
ZOO477,N/A
ZOO491,N/A
ZOO492,N/A
ZOO497,N/A
ZOO601,N/A
ZOO605,N/A
ZOO606,N/A
ZOO620,N/A
ZOO630C,N/A
ZOO650,N/A
ZOO671,N/A
ZOO672,N/A
ZOO691,N/A
ZOO692,N/A
ZOO693,N/A
ZOO694,N/A
ZOO695,N/A
ZOO696,N/A
ZOO697,N/A
ZOO6981,N/A
ZOO6984,N/A
ZOO6985,N/A
ZOO6986,N/A
ZOO6987,N/A
ZOO6988,N/A
ZOO6989,N/A
ZOO698A,N/A
ZOO698B,N/A
ZOO698F,N/A
ZOO698G,N/A
ZOO698I,N/A
ZOO698L,N/A
ZOO698M,N/A
ZOO698V,N/A
ZOO698Z,N/A
ZOO6992,N/A
ZOO699C,N/A
ZOO699J,N/A
ZOO699K,N/A
ZOO699L,N/A
ZOO699O,N/A
ZOO699P,N/A
ZOO699S,N/A
ZOO699T,N/A
ZOO699V,N/A
ZOO699Y,N/A
ZOO699Z,N/A
ZOO710,N/A
ZOO710A,N/A
ZOO710S,N/A
ZOO710T,N/A
ZOO720,N/A
